country_ISO3,technology_field,success_within_3_years_proba,success_within_5_years_proba,success_within_10_years_proba,success_within_20_years_proba,number_of_companies
AFG,Fossil Fuels,0.0,0.0,0.0,0.0,1.0
AGO,Fossil Fuels,0.0,0.0,0.0,0.0,0.5
AGO,Other Energy,0.0,0.0,0.0,0.0,0.5
ALB,Energy Efficiency,0.0,0.0,0.0,0.0,1.0
ALB,Grid,0.0,0.0,0.0,0.0,1.0
ARE,Energy Efficiency,2.2123893805309733,2.2123893805309733,2.2123893805309733,2.2123893805309733,22.6
ARE,Fossil Fuels,1.1656952539550374,1.1656952539550374,5.828476269775186,5.828476269775186,42.892857142857146
ARE,Grid,0.0,0.0,0.0,0.0,4.809523809523809
ARE,Hydrogen and Fuel Cells,0.0,0.0,0.0,0.0,0.1428571428571428
ARE,Nuclear,0.0,0.0,0.0,0.0,0.3333333333333333
ARE,Other Energy,2.5612879619465785,2.5612879619465785,5.122575923893157,5.122575923893157,39.042857142857144
ARE,Other Renewables,0.0,0.0,0.0,8.391608391608392,11.916666666666666
ARE,Solar,0.0,0.0,0.0,0.0,8.709523809523809
ARE,Storage (not electromobility),0.0,0.0,0.0,0.0,1.8761904761904762
ARE,Wind,0.0,0.0,0.0,0.0,0.6761904761904761
ARG,Energy Efficiency,0.0,0.0,0.0,0.0,6.866666666666666
ARG,Fossil Fuels,0.0,0.0,6.0,30.0,8.333333333333334
ARG,Grid,0.0,21.897810218978105,21.897810218978105,32.846715328467155,4.566666666666666
ARG,Other Energy,0.0,0.0,6.3559322033898304,25.423728813559322,7.866666666666666
ARG,Other Renewables,0.0,0.0,0.0,0.0,5.166666666666667
ARG,Solar,0.0,0.0,0.0,0.0,0.5
ARG,Storage (not electromobility),0.0,0.0,0.0,0.0,1.2
ARG,Wind,0.0,0.0,0.0,0.0,0.5
ARM,Grid,0.0,0.0,0.0,0.0,1.0
AUS,Energy Efficiency,2.1618282890673255,5.404570722668313,7.566399011735639,9.264978381717109,107.93333333333334
AUS,Fossil Fuels,15.703069236259815,19.55745895788722,24.553890078515348,36.61670235546038,116.75
AUS,Grid,2.631578947368421,2.631578947368421,3.508771929824561,12.061403508771928,38.0
AUS,Hybrid and Electric mobility,0.0,0.0,0.0,0.0,22.0
AUS,Hydrogen and Fuel Cells,0.0,0.0,0.0,25.0,1.3333333333333333
AUS,Nuclear,0.0,0.0,0.0,0.0,2.0
AUS,Other Energy,11.269873213926344,14.288589253370901,18.91728718051922,25.994499228550342,248.45
AUS,Other Renewables,5.331040412725709,7.394668959587274,14.617368873602752,17.7128116938951,96.91666666666667
AUS,Solar,4.0241448692152915,4.0241448692152915,7.760850819200919,9.629203794193733,57.983333333333334
AUS,Storage (not electromobility),20.75812274368231,23.465703971119133,33.39350180505415,35.1985559566787,18.466666666666665
AUS,Wind,0.0,0.0,0.0,15.789473684210527,3.1666666666666665
AUT,Energy Efficiency,0.0,0.0,0.0,0.0,26.25
AUT,Fossil Fuels,6.122448979591837,6.122448979591837,6.122448979591837,24.48979591836735,8.166666666666666
AUT,Grid,0.0,0.0,20.338983050847457,20.338983050847457,4.916666666666667
AUT,Hybrid and Electric mobility,0.0,0.0,0.0,0.0,3.0
AUT,Other Energy,2.0618556701030926,2.0618556701030926,2.0618556701030926,4.123711340206185,24.25
AUT,Other Renewables,0.0,0.0,0.0,7.741935483870968,12.916666666666666
AUT,Solar,0.0,0.0,0.0,9.090909090909092,11.0
AUT,Storage (not electromobility),0.0,0.0,0.0,0.0,1.4999999999999998
AUT,Wind,0.0,0.0,0.0,0.0,1.0
AZE,Energy Efficiency,0.0,0.0,0.0,0.0,1.5833333333333333
AZE,Fossil Fuels,0.0,0.0,40.0,40.0,2.5
AZE,Other Energy,0.0,0.0,0.0,0.0,2.083333333333333
AZE,Other Renewables,0.0,0.0,0.0,0.0,0.5
AZE,Storage (not electromobility),0.0,0.0,0.0,0.0,0.3333333333333333
BAH,Other Renewables,0.0,0.0,0.0,0.0,1.0
BEL,Bioenergy,0.0,0.0,0.0,0.0,2.0
BEL,Energy Efficiency,0.0,0.0,4.701544134593225,4.701544134593225,72.31666666666666
BEL,Fossil Fuels,0.0,0.0,0.0,12.631578947368421,15.833333333333334
BEL,Grid,0.0,0.0,0.0,4.597701149425287,29.0
BEL,Hybrid and Electric mobility,0.0,0.0,0.0,0.0,12.0
BEL,Nuclear,0.0,33.33333333333333,33.33333333333333,33.33333333333333,3.0
BEL,Other Energy,0.0,0.0,4.205607476635514,4.7248182762201445,64.2
BEL,Other Renewables,0.0,0.0,1.9062748212867358,3.494837172359015,20.983333333333334
BEL,Solar,0.0,0.0,3.625377643504532,3.625377643504532,27.583333333333332
BEL,Storage (not electromobility),0.0,0.0,0.0,0.0,2.083333333333333
BEL,Wind,0.0,0.0,10.0,10.0,5.0
BEN,Fossil Fuels,0.0,0.0,0.0,0.0,0.5
BEN,Other Energy,0.0,0.0,0.0,0.0,0.5
BFA,Fossil Fuels,0.0,0.0,0.0,0.0,1.0
BGD,Energy Efficiency,0.0,0.0,0.0,0.0,1.3333333333333333
BGD,Fossil Fuels,0.0,0.0,0.0,0.0,6.0
BGD,Grid,0.0,0.0,0.0,0.0,6.166666666666666
BGD,Hybrid and Electric mobility,0.0,0.0,0.0,0.0,1.0
BGD,Other Energy,0.0,0.0,0.0,0.0,7.166666666666667
BGD,Other Renewables,0.0,0.0,0.0,0.0,3.8333333333333335
BGD,Solar,0.0,0.0,0.0,0.0,1.5
BGR,Energy Efficiency,0.0,0.0,0.0,0.0,3.5
BGR,Fossil Fuels,20.689655172413797,20.689655172413797,20.689655172413797,20.689655172413797,2.4166666666666665
BGR,Grid,0.0,0.0,0.0,0.0,3.0
BGR,Hybrid and Electric mobility,0.0,0.0,0.0,0.0,2.0
BGR,Other Energy,16.216216216216214,16.216216216216214,16.216216216216214,16.216216216216214,3.0833333333333335
BGR,Other Renewables,0.0,0.0,0.0,0.0,5.0
BIH,Energy Efficiency,0.0,0.0,0.0,0.0,1.0
BIH,Fossil Fuels,0.0,0.0,0.0,0.0,0.5
BIH,Grid,0.0,0.0,0.0,0.0,3.833333333333333
BIH,Other Energy,0.0,0.0,0.0,0.0,2.1666666666666665
BIH,Other Renewables,0.0,0.0,0.0,0.0,0.5
BIH,Wind,0.0,0.0,0.0,0.0,1.0
BLR,Energy Efficiency,0.0,0.0,0.0,0.0,2.0
BLR,Hybrid and Electric mobility,0.0,0.0,0.0,0.0,1.0
BLZ,Fossil Fuels,0.0,0.0,0.0,0.0,1.0
BMU,Energy Efficiency,0.0,0.0,0.0,0.0,0.3333333333333333
BMU,Fossil Fuels,18.181818181818183,18.181818181818183,54.54545454545454,72.72727272727273,5.5
BMU,Other Energy,26.08695652173913,26.08695652173913,26.08695652173913,26.08695652173913,3.833333333333333
BMU,Other Renewables,0.0,0.0,0.0,0.0,0.3333333333333333
BOL,Fossil Fuels,0.0,0.0,0.0,0.0,1.5
BOL,Other Energy,0.0,0.0,0.0,0.0,1.5
BRA,Bioenergy,0.0,0.0,0.0,0.0,1.5
BRA,Energy Efficiency,1.9782393669634024,1.9782393669634024,2.4727992087042527,2.4727992087042527,67.4
BRA,Fossil Fuels,3.961267605633803,3.961267605633803,7.262323943661972,13.86443661971831,37.86666666666667
BRA,Grid,0.0,0.0,7.755102040816325,12.653061224489795,20.416666666666668
BRA,Hybrid and Electric mobility,0.0,0.0,0.0,0.0,12.0
BRA,Hydrogen and Fuel Cells,0.0,0.0,0.0,0.0,0.5
BRA,Nuclear,0.0,0.0,0.0,0.0,1.0
BRA,Other Energy,3.4740316136876843,4.342539517109605,10.335244050720862,15.025186729199236,95.95
BRA,Other Renewables,2.638522427440633,4.74934036939314,6.5963060686015815,6.5963060686015815,31.583333333333332
BRA,Solar,0.0,1.6286644951140066,3.257328990228013,6.514657980456026,30.7
BRA,Storage (not electromobility),0.0,0.0,0.0,0.0,0.5
BRA,Wind,0.0,0.0,0.0,0.0,0.5833333333333333
BRB,Fossil Fuels,0.0,0.0,0.0,0.0,1.0
BRB,Other Energy,50.0,50.0,50.0,50.0,1.0
BRB,Other Renewables,25.0,25.0,25.0,25.0,2.0
BWA,Grid,0.0,0.0,0.0,0.0,1.0
BWA,Other Energy,0.0,0.0,0.0,0.0,0.5
BWA,Other Renewables,0.0,0.0,0.0,0.0,0.5
CAN,Bioenergy,6.593406593406594,6.593406593406594,6.593406593406594,13.186813186813188,7.583333333333333
CAN,Energy Efficiency,0.9953187207420047,1.7609485059281622,4.2875267970424815,4.746904668154176,326.5285714285714
CAN,Fossil Fuels,8.59217313298946,11.619757793227182,19.483067952455706,26.785714285714285,594.5333333333333
CAN,Grid,1.1565208248847234,1.7873503657309362,2.4181799065771488,6.623710178885234,158.52142857142857
CAN,Hybrid and Electric mobility,2.7777777777777777,2.7777777777777777,5.555555555555555,6.944444444444445,72.0
CAN,Hydrogen and Fuel Cells,0.0,0.0,0.0,0.0,1.5833333333333333
CAN,Nuclear,0.0,0.0,0.0,0.0,3.0
CAN,Other Energy,8.427548595940106,10.593037904035974,17.011369616175788,24.188738817751272,746.5595238095239
CAN,Other Renewables,5.061824455758724,6.245876960029769,9.02840034506673,13.468597236083152,281.5190476190476
CAN,Solar,8.570968261640084,9.924279039793781,15.675849846946996,20.863541163202836,73.89285714285714
CAN,Storage (not electromobility),6.19030774672798,8.666430845419173,8.666430845419173,12.38061549345596,40.385714285714286
CAN,Wind,3.748326639892905,3.748326639892905,3.748326639892905,9.370816599732262,8.892857142857142
CHE,Bioenergy,0.0,0.0,0.0,0.0,2.8333333333333335
CHE,Energy Efficiency,0.29120559114735,0.29120559114735,0.5824111822947,0.5824111822947,114.46666666666667
CHE,Fossil Fuels,2.2944550669216057,2.2944550669216057,3.4416826003824093,5.736137667304015,43.583333333333336
CHE,Grid,1.9300361881785282,2.4125452352231602,4.342581423401689,4.342581423401689,69.08333333333333
CHE,Hybrid and Electric mobility,0.0,0.0,0.0,0.0,29.0
CHE,Hydrogen and Fuel Cells,0.0,0.0,0.0,0.0,0.75
CHE,Nuclear,0.0,0.0,0.0,0.0,1.0
CHE,Other Energy,1.7085128509879661,1.8570791858564848,3.045609864804635,5.051255385529639,224.36666666666667
CHE,Other Renewables,0.0,0.45558086560364464,1.594533029612756,1.594533029612756,73.16666666666667
CHE,Solar,0.49627791563275436,0.49627791563275436,1.488833746898263,1.9851116625310175,100.75
CHE,Storage (not electromobility),0.0,0.0,2.222222222222222,2.222222222222222,15.0
CHE,Wind,0.0,0.0,0.0,0.0,2.0
CHL,Energy Efficiency,0.0,0.0,2.0366598778004072,2.0366598778004072,16.366666666666667
CHL,Fossil Fuels,0.0,0.0,10.0,10.0,3.3333333333333335
CHL,Grid,0.0,0.0,7.894736842105264,23.68421052631579,6.333333333333333
CHL,Hybrid and Electric mobility,0.0,0.0,0.0,0.0,1.0
CHL,Other Energy,3.374578177727784,3.374578177727784,8.998875140607424,8.998875140607424,14.816666666666666
CHL,Other Renewables,8.849557522123893,8.849557522123893,8.849557522123893,8.849557522123893,5.65
CHL,Solar,0.0,0.0,0.0,0.0,4.833333333333333
CHL,Wind,0.0,0.0,0.0,0.0,0.6666666666666666
CHN,Bioenergy,0.0,0.0,0.0,28.57142857142857,1.75
CHN,Energy Efficiency,0.5724350506384852,4.007045354469396,10.854249229414355,21.334214002642007,378.5
CHN,Fossil Fuels,16.106531388712746,18.008877615726064,32.466708941027264,52.377932783766646,131.41666666666666
CHN,Grid,6.0379918588873815,13.636363636363638,35.07462686567165,58.27679782903663,122.83333333333333
CHN,Hybrid and Electric mobility,2.8089887640449436,6.741573033707865,15.730337078651685,29.213483146067414,178.0
CHN,Hydrogen and Fuel Cells,0.0,0.0,0.0,0.0,1.5
CHN,Nuclear,0.0,0.0,33.73493975903614,48.192771084337345,6.916666666666667
CHN,Other Energy,11.066296949836149,16.71288127048147,30.047895134862618,43.761028485001255,330.5833333333333
CHN,Other Renewables,5.508982035928144,7.664670658682635,22.275449101796408,33.053892215568865,69.58333333333333
CHN,Solar,6.824146981627297,13.123359580052494,22.747156605424323,31.14610673665792,95.25
CHN,Storage (not electromobility),0.546448087431694,8.743169398907105,21.584699453551913,42.62295081967213,61.0
CHN,Wind,14.634146341463417,14.634146341463417,45.12195121951219,78.04878048780488,13.666666666666666
CIV,Energy Efficiency,0.0,0.0,0.0,100.0,0.3333333333333333
CIV,Fossil Fuels,0.0,0.0,0.0,33.33333333333333,2.0
CIV,Grid,0.0,0.0,0.0,0.0,0.8333333333333333
CIV,Other Energy,0.0,0.0,0.0,22.22222222222222,1.5
CIV,Other Renewables,0.0,0.0,0.0,33.33333333333333,2.0
CIV,Storage (not electromobility),0.0,0.0,0.0,0.0,0.3333333333333333
CMR,Energy Efficiency,0.0,0.0,0.0,100.0,0.6666666666666666
CMR,Other Energy,0.0,0.0,0.0,40.0,0.8333333333333333
CMR,Other Renewables,0.0,0.0,0.0,0.0,0.5
COD,Fossil Fuels,0.0,0.0,0.0,0.0,1.0
COD,Other Energy,0.0,0.0,0.0,0.0,0.5
COD,Solar,0.0,0.0,0.0,0.0,0.5
COL,Bioenergy,0.0,0.0,0.0,0.0,1.0
COL,Energy Efficiency,0.0,2.0689655172413794,2.0689655172413794,2.0689655172413794,12.083333333333334
COL,Fossil Fuels,0.0,9.278350515463917,9.278350515463917,46.391752577319586,8.083333333333334
COL,Grid,0.0,0.0,14.285714285714285,42.857142857142854,3.5
COL,Hybrid and Electric mobility,0.0,0.0,0.0,0.0,2.0
COL,Other Energy,10.344827586206899,18.103448275862068,23.27586206896552,33.62068965517241,9.666666666666666
COL,Other Renewables,0.0,7.3170731707317085,7.3170731707317085,7.3170731707317085,3.4166666666666665
COL,Solar,0.0,0.0,0.0,0.0,4.25
CRI,Energy Efficiency,0.0,0.0,0.0,0.0,0.3333333333333333
CRI,Fossil Fuels,0.0,0.0,0.0,0.0,1.5
CRI,Hybrid and Electric mobility,0.0,0.0,0.0,0.0,1.0
CRI,Other Energy,0.0,0.0,17.647058823529413,17.647058823529413,2.833333333333333
CRI,Other Renewables,0.0,0.0,0.0,0.0,0.5
CRI,Solar,0.0,0.0,0.0,0.0,0.3333333333333333
CRI,Wind,0.0,0.0,100.0,100.0,0.5
CUB,Fossil Fuels,0.0,0.0,0.0,0.0,1.0
CYM,Fossil Fuels,0.0,16.666666666666664,33.33333333333333,33.33333333333333,3.0
CYM,Hybrid and Electric mobility,0.0,0.0,0.0,0.0,1.0
CYM,Other Energy,40.0,60.0,80.0,80.0,2.5
CYM,Other Renewables,0.0,0.0,0.0,0.0,0.5
CYP,Energy Efficiency,0.0,28.57142857142857,28.57142857142857,28.57142857142857,3.5
CYP,Fossil Fuels,0.0,13.953488372093023,48.837209302325576,69.76744186046511,7.166666666666667
CYP,Grid,0.0,0.0,0.0,0.0,0.5
CYP,Other Energy,0.0,0.0,6.818181818181819,27.272727272727277,7.333333333333333
CYP,Other Renewables,0.0,25.0,25.0,25.0,4.0
CYP,Solar,0.0,0.0,0.0,0.0,1.5
CZE,Bioenergy,0.0,0.0,0.0,0.0,1.8333333333333333
CZE,Energy Efficiency,0.0,0.0,0.0,0.0,58.166666666666664
CZE,Fossil Fuels,0.0,0.0,0.0,4.819277108433735,20.75
CZE,Grid,0.0,0.0,0.0,0.0,30.0
CZE,Hybrid and Electric mobility,0.0,0.0,0.0,0.0,3.0
CZE,Nuclear,0.0,0.0,0.0,0.0,1.5
CZE,Other Energy,0.0,0.0,0.0,0.0,88.16666666666667
CZE,Other Renewables,0.0,0.0,0.0,0.0,15.75
CZE,Solar,0.0,0.0,0.0,0.0,42.166666666666664
CZE,Storage (not electromobility),0.0,0.0,0.0,0.0,5.166666666666666
CZE,Wind,0.0,0.0,0.0,0.0,1.5
DEU,Bioenergy,0.0,0.0,25.0,25.0,4.0
DEU,Energy Efficiency,0.3036129946361704,0.7084303208177309,1.1385487298856392,3.3903451067705697,329.3666666666667
DEU,Fossil Fuels,2.0063357972544873,2.639915522703273,8.130939809926081,10.982048574445615,78.91666666666667
DEU,Grid,1.8089725036179454,1.8089725036179454,3.497346840328027,5.668113844669561,138.2
DEU,Hybrid and Electric mobility,1.25,2.5,3.75,6.25,80.0
DEU,Hydrogen and Fuel Cells,0.0,10.256410256410255,20.51282051282051,28.205128205128204,3.25
DEU,Nuclear,0.0,0.0,0.0,0.0,3.0
DEU,Other Energy,0.8426746100180291,1.9401113114368582,3.801834287058086,5.820333934310574,425.23333333333335
DEU,Other Renewables,0.6095273818454614,1.359714928732183,2.9069767441860463,5.157539384846212,177.73333333333332
DEU,Solar,1.4769836711249693,2.133420858291622,5.087388200541561,7.05669976204152,203.11666666666667
DEU,Storage (not electromobility),0.639386189258312,0.639386189258312,4.6888320545609545,4.6888320545609545,39.1
DEU,Wind,0.0,1.5584415584415583,8.831168831168831,16.623376623376622,32.083333333333336
DNK,Bioenergy,0.0,0.0,0.0,20.0,1.6666666666666665
DNK,Energy Efficiency,0.0,3.858520900321543,3.858520900321543,4.823151125401929,51.833333333333336
DNK,Fossil Fuels,0.0,0.0,0.0,10.95890410958904,18.25
DNK,Grid,0.0,3.7037037037037033,7.4074074074074066,7.4074074074074066,27.0
DNK,Hybrid and Electric mobility,7.6923076923076925,7.6923076923076925,7.6923076923076925,7.6923076923076925,13.0
DNK,Hydrogen and Fuel Cells,0.0,0.0,0.0,0.0,0.75
DNK,Nuclear,0.0,0.0,0.0,0.0,1.5
DNK,Other Energy,0.0,1.2195121951219512,2.4390243902439024,6.707317073170732,82.0
DNK,Other Renewables,0.0,1.5873015873015872,1.5873015873015872,5.82010582010582,31.5
DNK,Solar,0.0,4.0,4.0,6.666666666666667,12.5
DNK,Storage (not electromobility),0.0,0.0,0.0,0.0,6.666666666666666
DNK,Wind,3.79746835443038,3.79746835443038,15.18987341772152,18.9873417721519,26.333333333333332
DOM,Energy Efficiency,0.0,0.0,0.0,0.0,0.6666666666666666
DOM,Fossil Fuels,60.00000000000001,60.00000000000001,60.00000000000001,60.00000000000001,1.6666666666666665
DOM,Grid,0.0,0.0,0.0,0.0,1.6666666666666665
DOM,Hybrid and Electric mobility,0.0,0.0,0.0,0.0,1.0
DOM,Other Energy,0.0,0.0,0.0,0.0,0.6666666666666666
DOM,Other Renewables,0.0,0.0,0.0,0.0,0.3333333333333333
DZA,Energy Efficiency,0.0,0.0,0.0,0.0,0.3333333333333333
DZA,Grid,0.0,0.0,0.0,0.0,0.3333333333333333
DZA,Other Energy,0.0,0.0,0.0,0.0,0.3333333333333333
ECU,Energy Efficiency,0.0,0.0,0.0,0.0,1.0
ECU,Hybrid and Electric mobility,0.0,0.0,0.0,0.0,1.0
ECU,Other Energy,0.0,0.0,0.0,0.0,1.0
EGY,Energy Efficiency,0.0,0.0,0.0,0.0,9.0
EGY,Fossil Fuels,0.0,0.0,8.333333333333332,8.333333333333332,6.0
EGY,Grid,0.0,0.0,0.0,0.0,1.0
EGY,Hybrid and Electric mobility,0.0,0.0,0.0,0.0,5.0
EGY,Other Energy,0.0,0.0,3.4682080924855496,6.936416184971099,14.416666666666666
EGY,Other Renewables,0.0,0.0,0.0,0.0,7.25
EGY,Solar,0.0,0.0,0.0,11.538461538461538,4.333333333333333
ESP,Bioenergy,0.0,0.0,0.0,0.0,3.5833333333333335
ESP,Energy Efficiency,0.0,0.208286840734955,0.208286840734955,2.0828684073495496,160.03571428571428
ESP,Fossil Fuels,0.0,0.6884681583476765,0.6884681583476765,5.507745266781412,48.416666666666664
ESP,Grid,0.0,1.1837655016910935,1.1837655016910935,1.1837655016910935,84.47619047619048
ESP,Hybrid and Electric mobility,0.0,0.0,0.0,0.0,29.0
ESP,Nuclear,0.0,0.0,0.0,0.0,0.8333333333333333
ESP,Other Energy,0.525744805140616,0.817825252440958,2.2198113994826003,4.030710172744722,285.3095238095238
ESP,Other Renewables,0.31890660592255127,0.6378132118451025,0.6378132118451025,2.55125284738041,156.78571428571428
ESP,Solar,0.0,0.0,1.0480349344978166,1.572052401746725,95.41666666666667
ESP,Storage (not electromobility),0.0,6.069364161849712,6.069364161849712,6.069364161849712,16.476190476190474
ESP,Wind,0.0,0.0,0.0,9.375,10.666666666666666
EST,Energy Efficiency,0.0,0.0,0.0,0.0,12.833333333333334
EST,Fossil Fuels,17.647058823529413,17.647058823529413,17.647058823529413,17.647058823529413,2.833333333333333
EST,Grid,0.0,0.0,0.0,0.0,1.0
EST,Hybrid and Electric mobility,0.0,0.0,0.0,0.0,5.0
EST,Hydrogen and Fuel Cells,0.0,0.0,0.0,0.0,0.5
EST,Nuclear,0.0,0.0,0.0,0.0,1.0
EST,Other Energy,3.6585365853658542,3.6585365853658542,3.6585365853658542,7.3170731707317085,13.666666666666666
EST,Other Renewables,0.0,0.0,0.0,0.0,7.25
EST,Solar,0.0,0.0,0.0,23.076923076923077,2.1666666666666665
EST,Storage (not electromobility),0.0,0.0,0.0,0.0,3.75
EST,Wind,0.0,0.0,0.0,0.0,2.0
ETH,Energy Efficiency,0.0,0.0,0.0,0.0,1.8333333333333333
ETH,Other Energy,0.0,0.0,0.0,0.0,2.333333333333333
ETH,Other Renewables,0.0,0.0,0.0,0.0,0.8333333333333333
FIN,Bioenergy,0.0,0.0,0.0,0.0,0.25
FIN,Energy Efficiency,0.0,2.830188679245283,2.830188679245283,9.433962264150942,35.333333333333336
FIN,Fossil Fuels,16.901408450704228,33.802816901408455,39.436619718309856,39.436619718309856,5.916666666666666
FIN,Grid,20.408163265306122,20.408163265306122,28.57142857142857,44.89795918367347,12.25
FIN,Hybrid and Electric mobility,0.0,0.0,7.6923076923076925,7.6923076923076925,13.0
FIN,Nuclear,0.0,0.0,0.0,0.0,0.3333333333333333
FIN,Other Energy,4.712041884816754,5.7591623036649215,8.551483420593367,13.438045375218149,47.75
FIN,Other Renewables,1.1627906976744187,3.488372093023256,9.689922480620154,15.891472868217054,21.5
FIN,Solar,0.0,0.0,0.0,0.0,12.25
FIN,Storage (not electromobility),0.0,0.0,0.0,0.0,5.333333333333333
FIN,Wind,32.43243243243243,32.43243243243243,32.43243243243243,32.43243243243243,3.0833333333333335
FLK,Fossil Fuels,0.0,0.0,0.0,100.0,1.0
FRA,Bioenergy,0.0,0.0,0.0,0.0,2.5
FRA,Energy Efficiency,0.0,1.4765232798503791,4.577222167536175,5.167831479476327,169.31666666666666
FRA,Fossil Fuels,2.0710059171597632,2.0710059171597632,8.579881656804734,23.668639053254438,56.333333333333336
FRA,Grid,0.6420545746388443,3.5313001605136436,5.457463884430176,9.951845906902086,51.916666666666664
FRA,Hybrid and Electric mobility,0.0,4.651162790697675,4.651162790697675,6.976744186046512,43.0
FRA,Hydrogen and Fuel Cells,0.0,0.0,0.0,0.0,0.3333333333333333
FRA,Nuclear,0.0,0.0,4.878048780487805,4.878048780487805,6.833333333333333
FRA,Other Energy,1.0828061776941929,2.450561349518436,6.297372770274122,10.970536274006953,292.45
FRA,Other Renewables,2.2153727605471003,3.0822577538046616,6.068194952802928,10.01733769986515,173.03333333333333
FRA,Solar,1.3071895424836601,2.6143790849673203,6.535947712418301,8.932461873638344,76.5
FRA,Storage (not electromobility),3.3632286995515694,3.3632286995515694,5.605381165919282,19.058295964125556,14.866666666666667
FRA,Wind,0.0,3.1413612565445024,3.1413612565445024,8.37696335078534,15.916666666666666
FRO,Fossil Fuels,0.0,0.0,0.0,0.0,1.0
GAB,Fossil Fuels,0.0,0.0,0.0,0.0,0.5
GAB,Other Energy,0.0,0.0,0.0,0.0,0.5
GBR,Bioenergy,0.0,0.0,14.117647058823529,14.117647058823529,7.083333333333333
GBR,Energy Efficiency,1.1600114726409383,1.7846330348322126,4.283119283597311,6.915453009974824,373.5595238095238
GBR,Fossil Fuels,9.282496958804126,13.73195831095817,21.902089931723783,30.110578977939007,434.5095238095238
GBR,Grid,2.4461839530332674,2.8375733855185903,7.240704500978473,13.845401174168295,170.33333333333334
GBR,Hybrid and Electric mobility,0.0,0.0,2.0618556701030926,3.0927835051546393,97.0
GBR,Hydrogen and Fuel Cells,0.0,5.915492957746479,5.915492957746479,13.802816901408448,4.226190476190476
GBR,Nuclear,0.0,3.478260869565217,3.478260869565217,6.086956521739129,9.583333333333334
GBR,Other Energy,4.3080634639292,6.3220831333161005,10.673227231884592,17.286104649015915,773.7428571428571
GBR,Other Renewables,2.2233044656658265,2.9644059542211023,5.97821867434589,10.301310690918331,337.3357142857143
GBR,Solar,0.4375091147732244,1.0208546011375237,2.1875455738661223,3.791745661367945,114.28333333333333
GBR,Storage (not electromobility),1.6719212763924716,4.346995318620426,6.353300850291392,9.529951275437089,49.84285714285714
GBR,Wind,0.0,0.0,2.564102564102564,15.384615384615385,19.5
GEO,Energy Efficiency,0.0,0.0,0.0,0.0,1.0
GGY,Fossil Fuels,100.0,100.0,100.0,100.0,0.5
GGY,Other Energy,100.0,100.0,100.0,100.0,1.0
GGY,Other Renewables,100.0,100.0,100.0,100.0,0.5
GGY,Solar,0.0,0.0,0.0,0.0,0.5
GGY,Wind,0.0,0.0,0.0,0.0,0.5
GHA,Energy Efficiency,0.0,0.0,0.0,0.0,1.0
GHA,Fossil Fuels,14.285714285714285,14.285714285714285,14.285714285714285,14.285714285714285,7.0
GHA,Grid,0.0,0.0,0.0,0.0,2.333333333333333
GHA,Hybrid and Electric mobility,0.0,0.0,0.0,0.0,1.0
GHA,Other Energy,8.823529411764705,8.823529411764705,8.823529411764705,8.823529411764705,5.666666666666667
GHA,Other Renewables,0.0,0.0,0.0,0.0,3.0
GHA,Solar,25.0,25.0,25.0,25.0,2.0
GIB,Fossil Fuels,33.33333333333333,33.33333333333333,33.33333333333333,33.33333333333333,1.5
GIB,Other Energy,100.0,100.0,100.0,100.0,0.5
GIB,Other Renewables,0.0,0.0,0.0,0.0,1.0
GIN,Other Energy,0.0,0.0,0.0,0.0,1.0
GRC,Bioenergy,0.0,0.0,0.0,0.0,0.5
GRC,Energy Efficiency,0.0,0.0,0.0,0.0,25.82142857142857
GRC,Fossil Fuels,0.0,0.0,0.0,4.651162790697675,10.75
GRC,Grid,0.0,0.0,0.0,0.0,7.0
GRC,Hybrid and Electric mobility,0.0,0.0,0.0,0.0,2.0
GRC,Other Energy,0.0,0.0,2.9382957884427032,8.81488736532811,34.03333333333333
GRC,Other Renewables,0.0,0.0,0.0,0.0,10.0
GRC,Solar,0.0,0.0,0.0,1.6943682426980795,29.50952380952381
GRC,Storage (not electromobility),0.0,0.0,0.0,0.0,1.2095238095238094
GRC,Wind,0.0,0.0,0.0,0.0,1.176190476190476
GTM,Energy Efficiency,0.0,0.0,0.0,0.0,0.75
GTM,Grid,100.0,100.0,100.0,100.0,1.0
GTM,Other Energy,0.0,0.0,0.0,0.0,0.25
GTM,Other Renewables,0.0,0.0,0.0,0.0,0.5
GTM,Solar,0.0,0.0,0.0,0.0,1.5
GUY,Fossil Fuels,0.0,0.0,0.0,0.0,0.5
GUY,Other Energy,0.0,0.0,0.0,0.0,0.5
HKG,Energy Efficiency,6.7114093959731544,10.738255033557047,14.429530201342281,22.483221476510067,49.666666666666664
HKG,Fossil Fuels,38.674033149171265,43.646408839779,51.93370165745856,68.50828729281768,30.166666666666668
HKG,Grid,10.169491525423728,10.169491525423728,10.169491525423728,20.338983050847457,9.833333333333334
HKG,Hybrid and Electric mobility,0.0,0.0,11.11111111111111,22.22222222222222,9.0
HKG,Nuclear,100.0,100.0,100.0,100.0,0.8333333333333333
HKG,Other Energy,43.730886850152906,46.48318042813455,56.269113149847094,66.36085626911314,54.5
HKG,Other Renewables,25.27472527472528,25.27472527472528,25.27472527472528,35.16483516483516,15.166666666666666
HKG,Solar,4.477611940298508,4.477611940298508,7.462686567164178,16.417910447761194,11.166666666666666
HKG,Storage (not electromobility),7.500000000000001,7.500000000000001,22.500000000000004,37.50000000000001,6.666666666666666
HKG,Wind,50.0,50.0,50.0,50.0,1.0
HND,Grid,0.0,0.0,0.0,0.0,1.0
HRV,Energy Efficiency,0.0,0.0,0.0,0.0,11.333333333333334
HRV,Fossil Fuels,0.0,0.0,0.0,0.0,3.0
HRV,Grid,0.0,0.0,0.0,0.0,5.0
HRV,Hybrid and Electric mobility,0.0,0.0,0.0,0.0,5.0
HRV,Nuclear,0.0,0.0,0.0,0.0,0.5
HRV,Other Energy,0.0,0.0,0.0,0.0,9.166666666666666
HRV,Other Renewables,0.0,0.0,0.0,50.0,2.0
HRV,Solar,0.0,0.0,0.0,0.0,3.0
HTI,Energy Efficiency,0.0,0.0,0.0,0.0,1.0
HTI,Fossil Fuels,0.0,0.0,0.0,100.0,1.0
HUN,Energy Efficiency,0.0,0.0,0.0,0.0,33.166666666666664
HUN,Fossil Fuels,0.0,0.0,0.0,0.0,4.0
HUN,Grid,0.0,0.0,0.0,0.0,10.5
HUN,Hybrid and Electric mobility,0.0,0.0,0.0,12.5,8.0
HUN,Other Energy,3.821656050955414,3.821656050955414,3.821656050955414,3.821656050955414,13.083333333333334
HUN,Other Renewables,18.75,18.75,18.75,18.75,2.6666666666666665
HUN,Solar,0.0,0.0,0.0,0.0,1.0833333333333333
HUN,Storage (not electromobility),0.0,0.0,0.0,0.0,1.5
IDN,Energy Efficiency,3.6363636363636362,3.6363636363636362,3.6363636363636362,3.6363636363636362,9.166666666666666
IDN,Fossil Fuels,1.8518518518518516,7.4074074074074066,21.604938271604937,37.654320987654316,27.0
IDN,Grid,0.0,0.0,6.896551724137931,6.896551724137931,7.25
IDN,Hybrid and Electric mobility,0.0,0.0,0.0,0.0,2.0
IDN,Other Energy,5.301204819277108,9.638554216867469,17.831325301204817,34.69879518072289,34.583333333333336
IDN,Other Renewables,0.0,0.0,3.4482758620689653,12.068965517241379,9.666666666666666
IDN,Solar,6.896551724137931,6.896551724137931,17.241379310344826,17.241379310344826,4.833333333333333
IDN,Storage (not electromobility),0.0,0.0,0.0,0.0,0.5
IMN,Fossil Fuels,0.0,0.0,66.66666666666666,66.66666666666666,1.5
IMN,Other Energy,0.0,0.0,0.0,0.0,0.5
IND,Bioenergy,0.0,0.0,0.0,0.0,4.833333333333333
IND,Energy Efficiency,0.6304413089162414,0.8405884118883218,2.836985890123086,2.836985890123086,158.61904761904762
IND,Fossil Fuels,1.7033356990773598,2.5550035486160394,6.60042583392477,13.27182398864443,117.41666666666667
IND,Grid,1.7574692442882252,1.7574692442882252,4.97949619214997,10.837727006444055,56.9
IND,Hybrid and Electric mobility,1.0,1.0,2.0,4.0,100.0
IND,Nuclear,0.0,0.0,0.0,0.0,1.0
IND,Other Energy,1.5540846112732805,2.244788882950294,5.554413518069317,9.180610944373639,289.5595238095238
IND,Other Renewables,0.9420419881571865,1.570069980261977,4.082181948681141,8.164363897362282,106.15238095238095
IND,Solar,0.0,0.607656471541422,3.139558436297346,5.266356086692324,164.56666666666666
IND,Storage (not electromobility),0.0,0.0,0.0,0.0,18.919047619047618
IND,Wind,4.1551246537396125,12.465373961218837,19.39058171745152,31.855955678670355,12.033333333333333
IRL,Energy Efficiency,0.0,3.125,7.8125,7.8125,32.0
IRL,Fossil Fuels,0.0,2.033898305084746,4.067796610169492,16.27118644067797,24.583333333333332
IRL,Grid,0.0,13.333333333333334,16.666666666666664,16.666666666666664,7.5
IRL,Hybrid and Electric mobility,0.0,12.5,12.5,12.5,8.0
IRL,Other Energy,0.8836524300441826,4.4182621502209125,9.72017673048601,17.67304860088365,56.583333333333336
IRL,Other Renewables,1.7045454545454548,5.113636363636364,11.931818181818182,13.636363636363638,29.333333333333332
IRL,Solar,0.0,0.0,9.0,9.0,8.333333333333334
IRL,Storage (not electromobility),0.0,17.647058823529413,17.647058823529413,17.647058823529413,2.833333333333333
IRL,Wind,0.0,0.0,0.0,35.294117647058826,2.833333333333333
IRN,Energy Efficiency,0.0,0.0,0.0,0.0,2.0
IRN,Fossil Fuels,0.0,0.0,0.0,0.0,3.5
IRN,Other Energy,0.0,0.0,0.0,0.0,0.5
ISL,Energy Efficiency,0.0,0.0,0.0,0.0,2.0
ISL,Fossil Fuels,0.0,0.0,37.5,37.5,2.6666666666666665
ISL,Grid,0.0,0.0,0.0,0.0,0.3333333333333333
ISL,Other Energy,0.0,0.0,0.0,0.0,11.0
ISL,Other Renewables,0.0,0.0,0.0,0.0,8.666666666666666
ISL,Storage (not electromobility),0.0,0.0,0.0,0.0,0.3333333333333333
ISR,Bioenergy,0.0,0.0,0.0,0.0,1.3333333333333333
ISR,Energy Efficiency,0.8645533141210373,2.5936599423631126,3.4582132564841492,3.4582132564841492,115.66666666666667
ISR,Fossil Fuels,8.695652173913043,10.559006211180124,10.559006211180124,12.422360248447205,26.833333333333332
ISR,Grid,0.0,2.051282051282051,2.051282051282051,2.051282051282051,16.25
ISR,Hybrid and Electric mobility,0.0,4.761904761904762,4.761904761904762,4.761904761904762,21.0
ISR,Hydrogen and Fuel Cells,0.0,0.0,0.0,0.0,0.25
ISR,Nuclear,0.0,0.0,0.0,0.0,0.5
ISR,Other Energy,2.374893977947413,4.2408821034775235,6.276505513146735,7.29431721798134,98.25
ISR,Other Renewables,2.816901408450704,2.816901408450704,3.873239436619718,3.873239436619718,47.333333333333336
ISR,Solar,0.0,0.0,2.357563850687623,3.5363457760314345,42.416666666666664
ISR,Storage (not electromobility),8.0,10.666666666666666,10.666666666666666,10.666666666666666,12.5
ISR,Wind,0.0,0.0,30.000000000000004,30.000000000000004,1.6666666666666665
ITA,Bioenergy,13.043478260869565,13.043478260869565,13.043478260869565,13.043478260869565,3.833333333333333
ITA,Energy Efficiency,0.0,0.3959350666490695,1.1878051999472088,2.7715454665434867,126.28333333333333
ITA,Fossil Fuels,0.0,0.0,3.1880977683315623,6.376195536663125,31.366666666666667
ITA,Grid,2.245508982035928,3.3682634730538923,8.607784431137725,10.853293413173652,44.53333333333333
ITA,Hybrid and Electric mobility,4.3478260869565215,4.3478260869565215,8.695652173913043,8.695652173913043,23.0
ITA,Hydrogen and Fuel Cells,0.0,0.0,0.0,0.0,0.3333333333333333
ITA,Nuclear,0.0,0.0,0.0,0.0,2.0
ITA,Other Energy,1.4785608674223758,1.8482010842779697,2.8339083292262197,4.68210941350419,135.26666666666665
ITA,Other Renewables,1.8824513700062748,2.509935160008366,2.9282576866764267,4.810709056682702,79.68333333333334
ITA,Solar,1.6783216783216783,1.6783216783216783,3.3566433566433567,4.195804195804196,59.583333333333336
ITA,Storage (not electromobility),0.0,0.0,0.0,0.0,10.95
ITA,Wind,0.0,0.0,13.953488372093023,20.930232558139537,7.166666666666666
JAM,Other Energy,0.0,0.0,0.0,0.0,1.5
JAM,Other Renewables,0.0,0.0,0.0,0.0,1.5
JAM,Solar,0.0,0.0,0.0,0.0,1.0
JEY,Fossil Fuels,0.0,57.14285714285714,57.14285714285714,57.14285714285714,3.5
JEY,Grid,0.0,0.0,100.0,100.0,1.0
JEY,Other Energy,0.0,11.764705882352942,11.764705882352942,11.764705882352942,2.833333333333333
JEY,Solar,0.0,100.0,100.0,100.0,0.3333333333333333
JEY,Storage (not electromobility),0.0,100.0,100.0,100.0,0.3333333333333333
JOR,Energy Efficiency,0.0,0.0,0.0,0.0,1.0
JOR,Fossil Fuels,0.0,0.0,0.0,0.0,1.5
JOR,Grid,0.0,0.0,0.0,0.0,2.0
JOR,Other Energy,0.0,0.0,0.0,0.0,1.5
JOR,Solar,0.0,0.0,0.0,0.0,1.0
JPN,Bioenergy,0.0,0.0,0.0,0.0,3.833333333333333
JPN,Energy Efficiency,1.5982951518380397,2.6638252530633992,3.7293553542887588,5.416444681228912,93.85
JPN,Fossil Fuels,14.285714285714285,14.285714285714285,14.285714285714285,17.099567099567096,38.5
JPN,Grid,0.0,0.0,0.0,0.0,30.25
JPN,Hybrid and Electric mobility,3.225806451612903,3.225806451612903,3.225806451612903,3.225806451612903,31.0
JPN,Nuclear,0.0,0.0,0.0,0.0,1.2
JPN,Other Energy,1.0360904852357105,1.0360904852357105,2.072180970471421,4.964600241754447,193.03333333333333
JPN,Other Renewables,0.0,0.0,0.4992511233150274,3.2451323015476783,100.15
JPN,Solar,0.0,0.0,6.737247353224254,8.662175168431183,51.95
JPN,Storage (not electromobility),0.0,0.0,0.0,0.0,18.15
JPN,Wind,0.0,0.0,0.0,0.0,6.083333333333333
KAZ,Energy Efficiency,0.0,0.0,0.0,0.0,1.0
KAZ,Fossil Fuels,23.076923076923077,23.076923076923077,23.076923076923077,23.076923076923077,4.333333333333333
KAZ,Grid,0.0,0.0,0.0,0.0,0.6666666666666666
KAZ,Other Energy,0.0,0.0,0.0,0.0,3.6666666666666665
KAZ,Other Renewables,0.0,0.0,0.0,0.0,0.3333333333333333
KEN,Energy Efficiency,0.0,0.0,0.0,0.0,2.0
KEN,Fossil Fuels,0.0,0.0,0.0,0.0,4.5
KEN,Grid,0.0,0.0,0.0,0.0,1.8333333333333333
KEN,Hybrid and Electric mobility,0.0,0.0,0.0,0.0,2.0
KEN,Hydrogen and Fuel Cells,0.0,0.0,0.0,0.0,0.5
KEN,Other Energy,4.838709677419355,9.67741935483871,9.67741935483871,9.67741935483871,20.666666666666668
KEN,Other Renewables,0.0,0.0,0.0,0.0,13.833333333333334
KEN,Solar,0.0,0.0,0.0,0.0,13.833333333333334
KEN,Storage (not electromobility),0.0,0.0,0.0,0.0,0.3333333333333333
KEN,Wind,0.0,0.0,0.0,0.0,0.5
KHM,Fossil Fuels,0.0,0.0,0.0,0.0,0.3333333333333333
KHM,Other Energy,0.0,0.0,0.0,0.0,1.3333333333333333
KHM,Other Renewables,0.0,0.0,0.0,0.0,1.0
KHM,Solar,0.0,0.0,0.0,0.0,1.3333333333333333
KOR,Bioenergy,0.0,0.0,0.0,0.0,1.3333333333333333
KOR,Energy Efficiency,0.0,0.0,0.0,0.6922011998154131,72.23333333333333
KOR,Fossil Fuels,0.0,0.0,0.0,0.0,16.75
KOR,Grid,4.979253112033195,4.979253112033195,4.979253112033195,9.95850622406639,20.083333333333332
KOR,Hybrid and Electric mobility,0.0,0.0,0.0,5.555555555555555,18.0
KOR,Hydrogen and Fuel Cells,0.0,0.0,0.0,0.0,0.3333333333333333
KOR,Nuclear,0.0,0.0,0.0,0.0,2.2
KOR,Other Energy,1.475288910745021,1.475288910745021,2.2129333661175314,4.425866732235063,67.78333333333333
KOR,Other Renewables,0.0,0.0,1.5568240788790866,3.113648157758173,32.11666666666667
KOR,Solar,0.0,0.0,0.0,8.571428571428571,17.5
KOR,Storage (not electromobility),0.0,0.0,0.0,0.0,19.666666666666668
KWT,Energy Efficiency,0.0,0.0,0.0,0.0,1.2
KWT,Fossil Fuels,5.88235294117647,5.88235294117647,5.88235294117647,5.88235294117647,8.5
KWT,Grid,0.0,0.0,0.0,0.0,0.4
KWT,Other Energy,21.12676056338028,21.12676056338028,21.12676056338028,21.12676056338028,2.3666666666666667
KWT,Other Renewables,0.0,0.0,0.0,0.0,0.3333333333333333
KWT,Storage (not electromobility),0.0,0.0,0.0,0.0,0.2
LAO,Energy Efficiency,0.0,0.0,0.0,0.0,0.3333333333333333
LAO,Other Energy,0.0,0.0,0.0,0.0,0.3333333333333333
LAO,Other Renewables,0.0,0.0,0.0,0.0,0.3333333333333333
LBN,Energy Efficiency,0.0,0.0,0.0,0.0,1.0
LBN,Fossil Fuels,0.0,0.0,0.0,0.0,1.3333333333333333
LBN,Grid,0.0,0.0,0.0,0.0,1.0
LBN,Other Energy,0.0,0.0,0.0,0.0,2.8333333333333335
LBN,Solar,0.0,0.0,0.0,0.0,0.8333333333333333
LBN,Storage (not electromobility),0.0,0.0,0.0,0.0,1.0
LCA,Energy Efficiency,0.0,0.0,0.0,0.0,0.25
LCA,Other Energy,0.0,0.0,0.0,0.0,0.25
LCA,Solar,0.0,0.0,0.0,0.0,0.25
LCA,Storage (not electromobility),0.0,0.0,0.0,0.0,0.25
LKA,Energy Efficiency,0.0,0.0,0.0,0.0,1.5
LKA,Fossil Fuels,0.0,0.0,0.0,0.0,2.6666666666666665
LKA,Grid,0.0,0.0,0.0,0.0,2.5
LKA,Other Energy,0.0,0.0,0.0,0.0,2.5833333333333335
LKA,Other Renewables,0.0,0.0,0.0,0.0,3.75
LKA,Solar,0.0,0.0,0.0,0.0,1.0
LSO,Other Energy,0.0,0.0,0.0,0.0,0.3333333333333333
LSO,Other Renewables,0.0,0.0,0.0,0.0,0.6666666666666666
LTU,Energy Efficiency,0.0,0.0,0.0,0.0,8.583333333333334
LTU,Fossil Fuels,0.0,0.0,0.0,28.57142857142857,3.5
LTU,Grid,0.0,0.0,0.0,0.0,1.8333333333333333
LTU,Hybrid and Electric mobility,0.0,0.0,0.0,0.0,4.0
LTU,Nuclear,0.0,0.0,0.0,0.0,1.0
LTU,Other Energy,0.0,0.0,14.117647058823529,14.117647058823529,7.083333333333333
LTU,Other Renewables,0.0,0.0,0.0,11.11111111111111,9.0
LTU,Solar,0.0,0.0,0.0,0.0,1.0
LUX,Energy Efficiency,0.0,0.0,0.0,0.0,2.8333333333333335
LUX,Fossil Fuels,0.0,0.0,0.0,0.0,2.0
LUX,Grid,0.0,42.857142857142854,42.857142857142854,42.857142857142854,2.3333333333333335
LUX,Hybrid and Electric mobility,0.0,0.0,0.0,0.0,2.0
LUX,Other Energy,9.67741935483871,9.67741935483871,9.67741935483871,9.67741935483871,5.166666666666667
LUX,Other Renewables,10.714285714285714,10.714285714285714,10.714285714285714,10.714285714285714,4.666666666666667
LUX,Solar,0.0,0.0,0.0,0.0,0.5
LUX,Wind,0.0,0.0,0.0,0.0,0.5
LVA,Energy Efficiency,0.0,0.0,0.0,0.0,7.25
LVA,Fossil Fuels,0.0,0.0,0.0,20.0,2.5
LVA,Grid,0.0,0.0,0.0,0.0,0.5
LVA,Hybrid and Electric mobility,0.0,0.0,0.0,0.0,3.0
LVA,Nuclear,0.0,0.0,0.0,0.0,1.0
LVA,Other Energy,0.0,0.0,0.0,8.571428571428571,5.833333333333333
LVA,Other Renewables,0.0,0.0,0.0,0.0,3.583333333333333
LVA,Solar,0.0,0.0,0.0,0.0,1.0
LVA,Storage (not electromobility),0.0,0.0,0.0,0.0,0.3333333333333333
MAR,Energy Efficiency,0.0,0.0,0.0,0.0,5.0
MAR,Fossil Fuels,0.0,0.0,0.0,0.0,1.8333333333333333
MAR,Grid,0.0,0.0,0.0,0.0,3.833333333333333
MAR,Other Energy,0.0,0.0,0.0,0.0,3.8333333333333335
MAR,Other Renewables,0.0,0.0,0.0,0.0,2.5
MAR,Solar,0.0,0.0,0.0,0.0,1.0
MDA,Energy Efficiency,0.0,0.0,0.0,0.0,0.5
MDA,Other Energy,0.0,0.0,0.0,0.0,0.5
MDA,Other Renewables,0.0,0.0,0.0,0.0,1.5
MDA,Solar,0.0,0.0,0.0,0.0,0.5
MDG,Other Energy,0.0,0.0,0.0,0.0,2.5
MDG,Other Renewables,0.0,0.0,0.0,0.0,0.5
MDG,Solar,0.0,0.0,0.0,0.0,1.0
MDV,Energy Efficiency,0.0,0.0,0.0,0.0,1.0
MEX,Bioenergy,0.0,0.0,0.0,0.0,1.0
MEX,Energy Efficiency,2.6595744680851063,2.6595744680851063,2.6595744680851063,2.6595744680851063,18.8
MEX,Fossil Fuels,0.0,8.695652173913043,17.391304347826086,17.391304347826086,11.5
MEX,Grid,0.0,0.0,0.0,0.0,5.0
MEX,Hybrid and Electric mobility,0.0,0.0,0.0,0.0,4.0
MEX,Other Energy,2.066115702479339,2.066115702479339,6.198347107438017,6.198347107438017,24.2
MEX,Other Renewables,0.0,0.0,0.0,0.0,9.5
MEX,Solar,0.0,0.0,0.0,0.0,13.333333333333332
MEX,Storage (not electromobility),0.0,0.0,0.0,0.0,1.1666666666666665
MEX,Wind,0.0,0.0,0.0,0.0,0.5
MKD,Energy Efficiency,0.0,0.0,0.0,0.0,1.0
MLI,Grid,0.0,0.0,0.0,0.0,0.3333333333333333
MLI,Other Energy,0.0,0.0,0.0,0.0,2.3333333333333335
MLI,Solar,0.0,0.0,0.0,0.0,0.3333333333333333
MLT,Energy Efficiency,0.0,0.0,0.0,0.0,1.0
MLT,Fossil Fuels,0.0,0.0,0.0,0.0,0.3333333333333333
MLT,Grid,0.0,0.0,0.0,0.0,0.3333333333333333
MLT,Other Energy,0.0,0.0,0.0,0.0,1.3333333333333333
MLT,Other Renewables,0.0,0.0,0.0,0.0,2.0
MMR,Energy Efficiency,0.0,0.0,0.0,0.0,1.0
MMR,Fossil Fuels,0.0,0.0,0.0,0.0,0.5
MMR,Grid,0.0,0.0,0.0,0.0,0.5
MMR,Other Energy,0.0,0.0,0.0,0.0,0.75
MMR,Storage (not electromobility),0.0,0.0,0.0,0.0,0.25
MNG,Fossil Fuels,100.0,100.0,100.0,100.0,1.0
MOZ,Other Energy,0.0,0.0,0.0,0.0,1.5
MOZ,Other Renewables,0.0,0.0,0.0,0.0,0.5
MOZ,Solar,0.0,0.0,0.0,0.0,1.0
MRT,Grid,0.0,0.0,0.0,0.0,1.0
MUS,Grid,0.0,0.0,0.0,0.0,0.6666666666666666
MUS,Hybrid and Electric mobility,0.0,0.0,0.0,0.0,1.0
MUS,Other Energy,0.0,0.0,0.0,0.0,1.5
MUS,Other Renewables,0.0,0.0,0.0,0.0,1.6666666666666665
MUS,Solar,0.0,0.0,0.0,0.0,0.8333333333333333
MUS,Storage (not electromobility),0.0,0.0,0.0,0.0,0.3333333333333333
MYS,Bioenergy,0.0,0.0,0.0,0.0,0.25
MYS,Energy Efficiency,0.0,0.0,0.0,16.666666666666664,12.0
MYS,Fossil Fuels,24.532224532224532,28.274428274428274,32.016632016632016,46.98544698544698,40.083333333333336
MYS,Grid,0.0,0.0,0.0,0.0,6.0
MYS,Hybrid and Electric mobility,0.0,0.0,0.0,0.0,2.0
MYS,Other Energy,19.830028328611895,21.529745042492916,36.827195467422094,47.02549575070821,29.416666666666668
MYS,Other Renewables,11.76470588235294,18.823529411764707,25.882352941176475,25.882352941176475,7.083333333333333
MYS,Solar,34.61538461538462,34.61538461538462,46.15384615384615,46.15384615384615,4.333333333333333
MYS,Storage (not electromobility),0.0,100.0,100.0,100.0,0.5
MYS,Wind,0.0,0.0,0.0,0.0,0.3333333333333333
NAM,Fossil Fuels,100.0,100.0,100.0,100.0,1.0
NAM,Grid,0.0,0.0,0.0,0.0,0.3333333333333333
NAM,Other Energy,0.0,0.0,0.0,0.0,1.3333333333333333
NAM,Other Renewables,0.0,0.0,0.0,0.0,0.8333333333333333
NAM,Solar,0.0,0.0,0.0,0.0,0.5
NCL,Other Energy,0.0,0.0,0.0,0.0,0.5
NCL,Other Renewables,0.0,0.0,0.0,0.0,0.5
NGA,Bioenergy,0.0,0.0,0.0,0.0,1.0
NGA,Energy Efficiency,0.0,0.0,0.0,0.0,4.083333333333333
NGA,Fossil Fuels,0.0,1.7964071856287425,8.982035928143713,16.16766467065868,27.833333333333332
NGA,Grid,0.0,0.0,0.0,0.0,5.25
NGA,Hybrid and Electric mobility,0.0,0.0,0.0,0.0,1.0
NGA,Other Energy,0.0,1.8072289156626504,1.8072289156626504,1.8072289156626504,27.666666666666668
NGA,Other Renewables,0.0,0.0,0.0,0.0,10.5
NGA,Solar,0.0,0.0,0.0,0.0,11.0
NGA,Storage (not electromobility),0.0,0.0,0.0,0.0,0.6666666666666666
NIC,Fossil Fuels,0.0,0.0,0.0,0.0,0.3333333333333333
NIC,Other Energy,0.0,0.0,0.0,0.0,1.3333333333333333
NIC,Solar,0.0,0.0,0.0,0.0,0.3333333333333333
NLD,Bioenergy,0.0,0.0,10.344827586206899,10.344827586206899,4.833333333333333
NLD,Energy Efficiency,0.0968648090148849,0.3874592360595396,0.8233508766265216,0.8233508766265216,344.1222222222222
NLD,Fossil Fuels,2.4870466321243523,2.901554404145077,7.253886010362693,14.715025906735752,80.41666666666667
NLD,Grid,0.0,5.120182050917366,5.120182050917366,5.120182050917366,39.06111111111111
NLD,Hybrid and Electric mobility,1.1904761904761905,2.380952380952381,7.142857142857142,8.333333333333332,84.0
NLD,Hydrogen and Fuel Cells,0.0,0.0,0.0,0.0,0.5
NLD,Other Energy,0.6754664940474515,1.6042329233626973,3.3773324702372576,7.430131434521966,197.39444444444445
NLD,Other Renewables,0.3482096221925599,1.7410481109627995,2.7856769775404793,4.3526202774069995,95.72777777777777
NLD,Solar,0.0,0.5504587155963303,0.5504587155963303,1.1009174311926606,90.83333333333333
NLD,Storage (not electromobility),0.0,0.0,0.0,0.0,23.694444444444443
NLD,Wind,0.0,0.0,0.0,0.0,14.416666666666666
NOR,Bioenergy,0.0,0.0,0.0,0.0,1.0
NOR,Energy Efficiency,0.0,0.0,2.019522046449007,4.039044092898014,49.516666666666666
NOR,Fossil Fuels,2.52986647926915,8.011243851018975,15.319747013352075,21.9255094869993,118.58333333333333
NOR,Grid,0.0,0.0,0.0,2.949852507374631,16.95
NOR,Hybrid and Electric mobility,0.0,0.0,0.0,16.666666666666664,6.0
NOR,Hydrogen and Fuel Cells,0.0,0.0,0.0,0.0,0.3333333333333333
NOR,Other Energy,1.840490797546012,3.2208588957055215,11.65644171779141,21.93251533742331,108.66666666666667
NOR,Other Renewables,2.374356944994064,2.374356944994064,6.331618519984171,13.850415512465371,42.11666666666667
NOR,Solar,0.0,0.0,2.6548672566371683,13.274336283185843,18.833333333333332
NOR,Storage (not electromobility),0.0,0.0,0.0,17.204301075268816,7.75
NOR,Wind,0.0,0.0,0.0,0.0,4.25
NPL,Energy Efficiency,0.0,0.0,0.0,0.0,1.0
NPL,Other Energy,0.0,0.0,0.0,0.0,1.5
NPL,Solar,0.0,0.0,0.0,0.0,0.5
NZL,Bioenergy,0.0,0.0,0.0,0.0,0.5
NZL,Energy Efficiency,0.0,3.5545023696682465,3.5545023696682465,3.5545023696682465,14.066666666666666
NZL,Fossil Fuels,3.389830508474576,3.389830508474576,6.779661016949152,12.429378531073446,14.75
NZL,Grid,0.0,3.4682080924855496,3.4682080924855496,13.872832369942198,14.416666666666666
NZL,Hybrid and Electric mobility,0.0,0.0,0.0,0.0,3.0
NZL,Other Energy,1.2701100762066047,3.8103302286198133,12.701100762066044,16.088060965283656,39.36666666666667
NZL,Other Renewables,0.0,0.0,0.0,0.0,9.0
NZL,Solar,0.0,0.0,0.0,3.7243947858473,8.95
NZL,Storage (not electromobility),0.0,0.0,0.0,0.0,0.45
NZL,Wind,0.0,0.0,0.0,0.0,1.5
OMN,Fossil Fuels,0.0,0.0,0.0,0.0,5.333333333333333
OMN,Grid,0.0,0.0,0.0,0.0,4.666666666666667
OMN,Other Energy,0.0,0.0,0.0,0.0,5.5
OMN,Other Renewables,0.0,0.0,0.0,0.0,0.5
PAK,Energy Efficiency,0.0,17.241379310344826,17.241379310344826,17.241379310344826,3.8666666666666667
PAK,Fossil Fuels,0.0,0.0,0.0,14.285714285714285,11.666666666666666
PAK,Grid,0.0,0.0,0.0,0.0,6.566666666666666
PAK,Hybrid and Electric mobility,0.0,0.0,0.0,0.0,6.0
PAK,Other Energy,0.0,2.8089887640449436,7.022471910112358,9.831460674157302,11.866666666666667
PAK,Other Renewables,0.0,0.0,0.0,0.0,2.3333333333333335
PAK,Solar,0.0,0.0,14.285714285714285,14.285714285714285,3.5
PAK,Storage (not electromobility),0.0,0.0,0.0,0.0,1.2
PAN,Energy Efficiency,0.0,0.0,0.0,100.0,0.3333333333333333
PAN,Fossil Fuels,0.0,0.0,0.0,0.0,1.0
PAN,Other Energy,0.0,0.0,0.0,47.05882352941176,2.8333333333333335
PAN,Other Renewables,0.0,0.0,0.0,100.0,0.3333333333333333
PAN,Solar,0.0,0.0,0.0,0.0,0.5
PAN,Storage (not electromobility),0.0,0.0,0.0,0.0,1.0
PER,Energy Efficiency,0.0,0.0,0.0,0.0,1.5
PER,Fossil Fuels,0.0,0.0,0.0,0.0,4.0
PER,Grid,0.0,0.0,0.0,29.268292682926834,6.833333333333333
PER,Other Energy,0.0,0.0,0.0,0.0,5.0
PER,Other Renewables,0.0,0.0,0.0,0.0,0.6666666666666666
PER,Solar,0.0,0.0,0.0,0.0,1.0
PHL,Energy Efficiency,0.0,0.0,0.0,0.0,2.533333333333333
PHL,Fossil Fuels,9.345794392523366,14.018691588785048,14.018691588785048,18.691588785046733,10.7
PHL,Grid,0.0,0.0,0.0,12.903225806451612,5.166666666666667
PHL,Other Energy,0.0,3.787878787878788,3.787878787878788,17.67676767676768,13.2
PHL,Other Renewables,0.0,0.0,0.0,12.396694214876034,8.066666666666666
PHL,Solar,0.0,0.0,0.0,0.0,2.333333333333333
PHL,Storage (not electromobility),0.0,0.0,0.0,0.0,1.0
POL,Bioenergy,0.0,0.0,0.0,0.0,1.2
POL,Energy Efficiency,0.0,0.0,0.0,0.0,25.766666666666666
POL,Fossil Fuels,4.3478260869565215,6.521739130434782,6.521739130434782,15.217391304347828,23.0
POL,Grid,0.0,0.0,2.3668639053254434,9.467455621301774,14.083333333333334
POL,Hybrid and Electric mobility,0.0,0.0,0.0,0.0,13.0
POL,Hydrogen and Fuel Cells,0.0,0.0,0.0,0.0,0.8333333333333333
POL,Other Energy,2.4600246002460024,3.6900369003690034,4.510045100451005,6.970069700697007,40.65
POL,Other Renewables,0.0,0.0,1.8099547511312215,1.8099547511312215,18.416666666666668
POL,Solar,0.0,0.0,0.0,0.0,7.8999999999999995
POL,Storage (not electromobility),0.0,0.0,0.0,0.0,2.4833333333333334
POL,Wind,0.0,0.0,0.0,0.0,2.6666666666666665
PRI,Energy Efficiency,0.0,0.0,0.0,0.0,1.0
PRI,Grid,0.0,0.0,0.0,0.0,1.0
PRI,Other Energy,0.0,0.0,0.0,0.0,1.5
PRI,Other Renewables,0.0,0.0,0.0,0.0,0.5
PRT,Bioenergy,0.0,0.0,0.0,0.0,1.0
PRT,Energy Efficiency,0.0,0.0,0.0,0.0,39.333333333333336
PRT,Fossil Fuels,0.0,0.0,3.6363636363636362,3.6363636363636362,9.166666666666666
PRT,Grid,0.0,0.0,0.0,0.0,16.833333333333332
PRT,Hybrid and Electric mobility,0.0,0.0,0.0,0.0,6.0
PRT,Nuclear,0.0,0.0,0.0,0.0,1.0
PRT,Other Energy,0.0,0.0,0.6289308176100629,1.5723270440251573,53.0
PRT,Other Renewables,0.0,0.0,1.36986301369863,7.534246575342466,24.333333333333332
PRT,Solar,0.0,0.0,0.0,0.0,29.0
PRT,Storage (not electromobility),0.0,0.0,0.0,0.0,0.6666666666666666
PRT,Wind,0.0,0.0,0.0,0.0,3.6666666666666665
PSE,Energy Efficiency,0.0,0.0,0.0,0.0,1.0
PSE,Grid,0.0,0.0,0.0,0.0,0.5
PSE,Other Energy,0.0,0.0,0.0,0.0,0.5
QAT,Energy Efficiency,0.0,0.0,0.0,0.0,2.0
QAT,Fossil Fuels,37.5,37.5,37.5,37.5,4.0
QAT,Grid,0.0,0.0,0.0,33.33333333333333,1.5
QAT,Hybrid and Electric mobility,0.0,0.0,0.0,0.0,1.0
QAT,Other Energy,14.285714285714285,14.285714285714285,14.285714285714285,28.57142857142857,3.5
QAT,Other Renewables,0.0,0.0,0.0,0.0,2.0
ROM,Energy Efficiency,0.0,0.0,0.0,3.7383177570093453,26.75
ROM,Fossil Fuels,0.0,0.0,5.769230769230769,5.769230769230769,8.666666666666666
ROM,Grid,0.0,0.0,0.0,0.0,21.0
ROM,Hybrid and Electric mobility,0.0,0.0,0.0,0.0,4.0
ROM,Nuclear,0.0,0.0,0.0,0.0,0.3333333333333333
ROM,Other Energy,0.0,0.0,1.6172506738544474,1.6172506738544474,30.916666666666668
ROM,Other Renewables,0.0,0.0,0.0,0.0,1.8333333333333333
ROM,Solar,0.0,0.0,0.0,0.0,15.083333333333334
ROM,Storage (not electromobility),0.0,0.0,0.0,0.0,1.8333333333333333
ROM,Wind,0.0,0.0,0.0,0.0,0.5833333333333333
RUS,Energy Efficiency,0.0,0.0,1.408450704225352,4.225352112676056,23.666666666666668
RUS,Fossil Fuels,2.3483365949119372,3.131115459882583,8.610567514677104,16.829745596868882,42.583333333333336
RUS,Grid,6.024096385542168,15.06024096385542,41.566265060240966,53.6144578313253,27.666666666666668
RUS,Hybrid and Electric mobility,0.0,0.0,0.0,0.0,7.0
RUS,Hydrogen and Fuel Cells,0.0,0.0,0.0,0.0,0.25
RUS,Nuclear,0.0,0.0,0.0,14.285714285714285,2.3333333333333335
RUS,Other Energy,0.7797270955165692,2.7290448343079916,8.966861598440545,19.493177387914233,42.75
RUS,Other Renewables,0.0,4.819277108433735,9.63855421686747,19.27710843373494,6.916666666666666
RUS,Solar,0.0,0.0,0.0,0.0,2.5
RUS,Storage (not electromobility),0.0,0.0,0.0,0.0,2.3333333333333335
RWA,Energy Efficiency,0.0,0.0,0.0,0.0,2.0
RWA,Fossil Fuels,0.0,0.0,0.0,0.0,1.0
RWA,Grid,0.0,0.0,0.0,0.0,0.5
RWA,Hybrid and Electric mobility,0.0,0.0,0.0,0.0,2.0
RWA,Other Energy,0.0,0.0,0.0,0.0,3.5
RWA,Other Renewables,0.0,0.0,0.0,0.0,3.5
RWA,Solar,0.0,0.0,0.0,0.0,0.5
SAU,Energy Efficiency,0.0,0.0,0.0,0.0,4.25
SAU,Fossil Fuels,13.333333333333334,13.333333333333334,13.333333333333334,26.666666666666668,7.5
SAU,Grid,0.0,0.0,0.0,0.0,2.0
SAU,Hybrid and Electric mobility,0.0,0.0,0.0,0.0,1.0
SAU,Other Energy,0.0,8.88888888888889,17.77777777777778,17.77777777777778,11.25
SAU,Other Renewables,0.0,0.0,0.0,0.0,4.5
SAU,Solar,0.0,0.0,0.0,0.0,2.5
SDN,Other Energy,0.0,0.0,0.0,0.0,1.0
SEN,Energy Efficiency,0.0,0.0,0.0,0.0,0.3333333333333333
SEN,Fossil Fuels,0.0,0.0,0.0,0.0,1.0
SEN,Grid,0.0,0.0,0.0,0.0,0.5
SEN,Other Energy,0.0,0.0,0.0,0.0,2.8333333333333335
SEN,Solar,0.0,0.0,0.0,0.0,1.3333333333333333
SGP,Bioenergy,0.0,50.0,100.0,100.0,2.0
SGP,Energy Efficiency,0.0,3.6659877800407332,6.109979633401222,8.55397148676171,40.916666666666664
SGP,Fossil Fuels,3.2906764168190126,3.2906764168190126,14.259597806215721,15.35648994515539,45.583333333333336
SGP,Grid,0.0,0.0,0.0,11.009174311926605,9.083333333333334
SGP,Hybrid and Electric mobility,0.0,0.0,0.0,0.0,18.0
SGP,Other Energy,3.1957390146471374,7.989347536617843,14.913448735019974,16.511318242343542,62.583333333333336
SGP,Other Renewables,0.0,2.1660649819494586,6.498194945848376,6.498194945848376,23.083333333333332
SGP,Solar,3.870967741935484,3.870967741935484,14.193548387096774,18.064516129032256,12.916666666666666
SGP,Storage (not electromobility),0.0,0.0,5.714285714285714,5.714285714285714,5.833333333333333
SLE,Grid,0.0,0.0,0.0,0.0,0.3333333333333333
SLE,Other Energy,0.0,0.0,0.0,0.0,0.3333333333333333
SLE,Solar,0.0,0.0,0.0,0.0,0.3333333333333333
SLV,Grid,0.0,0.0,0.0,0.0,0.5
SLV,Other Energy,0.0,0.0,0.0,0.0,1.5
SLV,Other Renewables,0.0,0.0,0.0,0.0,2.0
SOM,Other Energy,0.0,0.0,0.0,0.0,0.5
SOM,Solar,0.0,0.0,0.0,0.0,0.5
SRB,Energy Efficiency,0.0,0.0,0.0,0.0,11.333333333333334
SRB,Fossil Fuels,0.0,0.0,0.0,0.0,2.0
SRB,Grid,0.0,0.0,0.0,0.0,3.8333333333333335
SRB,Other Energy,0.0,0.0,0.0,0.0,2.333333333333333
SRB,Other Renewables,0.0,0.0,0.0,0.0,0.5
SRB,Solar,0.0,0.0,0.0,0.0,1.0
SUR,Other Energy,0.0,0.0,0.0,0.0,0.5
SUR,Other Renewables,0.0,0.0,0.0,0.0,0.5
SVK,Bioenergy,0.0,0.0,0.0,0.0,1.25
SVK,Energy Efficiency,0.0,0.0,0.0,0.0,35.983333333333334
SVK,Fossil Fuels,0.0,0.0,0.0,0.0,6.333333333333333
SVK,Grid,0.0,0.0,0.0,0.0,15.583333333333334
SVK,Hybrid and Electric mobility,0.0,0.0,0.0,0.0,2.0
SVK,Other Energy,0.0,0.0,0.0,0.0,36.7
SVK,Other Renewables,0.0,0.0,0.0,0.0,9.95
SVK,Solar,0.0,0.0,0.0,0.0,27.416666666666668
SVK,Storage (not electromobility),0.0,0.0,0.0,0.0,5.2
SVK,Wind,0.0,0.0,0.0,0.0,0.5833333333333333
SVN,Energy Efficiency,0.0,0.0,0.0,0.0,8.066666666666666
SVN,Fossil Fuels,100.0,100.0,100.0,100.0,1.0
SVN,Grid,0.0,0.0,0.0,0.0,3.3333333333333335
SVN,Hybrid and Electric mobility,0.0,0.0,0.0,0.0,6.0
SVN,Other Energy,0.0,0.0,0.0,0.0,3.3666666666666667
SVN,Other Renewables,0.0,0.0,0.0,0.0,4.233333333333333
SVN,Storage (not electromobility),0.0,0.0,0.0,0.0,1.0
SWE,Bioenergy,19.35483870967742,19.35483870967742,38.70967741935484,38.70967741935484,5.166666666666667
SWE,Energy Efficiency,3.0257186081694405,4.538577912254161,7.564296520423601,9.077155824508322,66.1
SWE,Fossil Fuels,3.3802816901408455,5.070422535211268,7.887323943661971,9.577464788732394,29.583333333333332
SWE,Grid,0.0,0.755287009063444,3.021148036253776,13.972809667673717,66.2
SWE,Hybrid and Electric mobility,0.0,0.0,12.0,12.0,25.0
SWE,Hydrogen and Fuel Cells,0.0,0.0,40.0,40.0,0.8333333333333333
SWE,Nuclear,0.0,0.0,0.0,0.0,2.833333333333333
SWE,Other Energy,1.2863115017686784,1.9294672526530177,4.609282881337764,6.2171722585486116,155.48333333333332
SWE,Other Renewables,0.0,3.278688524590164,6.0109289617486334,7.650273224043715,61.0
SWE,Solar,0.0,0.0,4.2979942693409745,5.01432664756447,34.9
SWE,Storage (not electromobility),0.0,0.0,0.0,2.029769959404601,12.316666666666666
SWE,Wind,0.0,0.0,0.0,3.79746835443038,6.583333333333333
TAN,Energy Efficiency,0.0,0.0,0.0,0.0,0.4
TAN,Fossil Fuels,14.285714285714285,14.285714285714285,28.57142857142857,28.57142857142857,3.5
TAN,Grid,0.0,0.0,0.0,0.0,0.3333333333333333
TAN,Other Energy,13.513513513513512,13.513513513513512,13.513513513513512,13.513513513513512,3.7
TAN,Other Renewables,0.0,0.0,18.51851851851852,18.51851851851852,2.7
TAN,Solar,0.0,0.0,0.0,0.0,0.8333333333333333
TAN,Storage (not electromobility),0.0,0.0,0.0,0.0,0.5333333333333333
TCD,Other Energy,0.0,0.0,0.0,0.0,0.5
TCD,Solar,0.0,0.0,0.0,0.0,0.5
TGO,Fossil Fuels,0.0,0.0,0.0,0.0,1.0
THA,Bioenergy,0.0,0.0,15.384615384615385,15.384615384615385,2.1666666666666665
THA,Energy Efficiency,0.0,0.0,6.521739130434782,19.565217391304344,7.666666666666667
THA,Fossil Fuels,0.0,8.108108108108107,8.108108108108107,24.324324324324323,12.333333333333334
THA,Grid,2.8985507246376807,2.8985507246376807,2.8985507246376807,2.8985507246376807,11.5
THA,Hybrid and Electric mobility,0.0,0.0,0.0,0.0,1.0
THA,Other Energy,3.4965034965034962,3.4965034965034962,11.188811188811188,11.188811188811188,23.833333333333332
THA,Other Renewables,4.25531914893617,4.25531914893617,4.25531914893617,4.25531914893617,7.833333333333333
THA,Solar,8.823529411764707,8.823529411764707,14.705882352941178,14.705882352941178,5.666666666666666
THA,Storage (not electromobility),0.0,0.0,0.0,0.0,1.0
TLS,Fossil Fuels,0.0,0.0,0.0,0.0,0.5
TLS,Other Energy,0.0,0.0,0.0,0.0,0.5
TTO,Energy Efficiency,0.0,0.0,0.0,0.0,1.5
TTO,Fossil Fuels,0.0,0.0,0.0,0.0,2.0
TTO,Grid,0.0,0.0,0.0,0.0,0.8333333333333333
TTO,Other Energy,0.0,0.0,0.0,21.428571428571427,2.3333333333333335
TTO,Other Renewables,0.0,0.0,0.0,60.00000000000001,0.8333333333333333
TTO,Solar,0.0,0.0,0.0,0.0,0.5
TUN,Energy Efficiency,0.0,0.0,0.0,0.0,3.3333333333333335
TUN,Fossil Fuels,0.0,0.0,0.0,0.0,3.333333333333333
TUN,Grid,0.0,0.0,0.0,0.0,0.6666666666666666
TUN,Other Energy,0.0,0.0,0.0,0.0,8.5
TUN,Other Renewables,0.0,0.0,0.0,0.0,3.6666666666666665
TUN,Solar,0.0,0.0,0.0,0.0,2.5
TUR,Energy Efficiency,0.0,0.0,0.0,1.963350785340314,25.466666666666665
TUR,Fossil Fuels,0.0,0.0,4.823151125401929,9.646302250803858,10.366666666666667
TUR,Grid,0.0,7.5,22.499999999999996,44.99999999999999,6.666666666666667
TUR,Hybrid and Electric mobility,0.0,0.0,0.0,0.0,8.0
TUR,Other Energy,1.3863216266173755,4.158964879852126,12.476894639556377,20.79482439926063,36.06666666666666
TUR,Other Renewables,0.0,5.084745762711864,10.169491525423728,10.169491525423728,9.833333333333334
TUR,Solar,7.853403141361256,7.853403141361256,7.853403141361256,15.706806282722512,6.366666666666667
TUR,Storage (not electromobility),0.0,0.0,0.0,0.0,4.2
TUR,Wind,0.0,0.0,0.0,0.0,1.0333333333333332
TWN,Energy Efficiency,0.0,4.651162790697675,16.27906976744186,16.27906976744186,21.5
TWN,Fossil Fuels,0.0,0.0,0.0,16.216216216216218,3.083333333333333
TWN,Grid,0.0,0.0,0.0,12.765957446808512,7.833333333333333
TWN,Hybrid and Electric mobility,0.0,0.0,0.0,0.0,8.0
TWN,Other Energy,2.955665024630542,2.955665024630542,5.911330049261084,14.778325123152708,16.916666666666668
TWN,Other Renewables,0.0,0.0,15.0,15.0,6.666666666666667
TWN,Solar,6.741573033707865,6.741573033707865,6.741573033707865,6.741573033707865,7.416666666666667
TWN,Storage (not electromobility),0.0,0.0,8.823529411764705,17.64705882352941,11.333333333333334
TWN,Wind,0.0,0.0,0.0,0.0,1.25
UGA,Energy Efficiency,0.0,0.0,50.0,50.0,0.6666666666666666
UGA,Fossil Fuels,0.0,0.0,0.0,0.0,1.6666666666666665
UGA,Grid,0.0,0.0,18.181818181818183,18.181818181818183,1.8333333333333333
UGA,Other Energy,0.0,0.0,2.222222222222222,2.222222222222222,15.0
UGA,Other Renewables,0.0,0.0,0.0,0.0,5.333333333333333
UGA,Solar,0.0,0.0,0.0,0.0,5.0
UGA,Storage (not electromobility),0.0,0.0,0.0,0.0,0.5
UKR,Bioenergy,0.0,0.0,0.0,0.0,2.3333333333333335
UKR,Energy Efficiency,0.0,0.0,0.0,0.0,50.0
UKR,Fossil Fuels,0.0,4.225352112676056,4.225352112676056,8.450704225352112,23.666666666666668
UKR,Grid,0.0,0.0,0.0,0.0,36.583333333333336
UKR,Hybrid and Electric mobility,0.0,0.0,0.0,0.0,3.0
UKR,Nuclear,0.0,0.0,0.0,0.0,1.3333333333333333
UKR,Other Energy,0.0,0.0,0.0,0.0,45.416666666666664
UKR,Other Renewables,0.0,0.0,0.0,0.0,10.083333333333334
UKR,Solar,0.0,0.0,0.0,0.0,20.25
UKR,Storage (not electromobility),0.0,0.0,0.0,0.0,8.333333333333332
UKR,Wind,0.0,0.0,0.0,0.0,2.0
URY,Energy Efficiency,0.0,0.0,0.0,0.0,0.5
URY,Grid,0.0,0.0,0.0,0.0,0.3333333333333333
URY,Other Energy,0.0,0.0,0.0,0.0,0.8333333333333333
URY,Solar,0.0,0.0,0.0,0.0,0.3333333333333333
USA,Bioenergy,1.1695906432748537,3.216374269005848,17.543859649122805,23.684210526315788,57.0
USA,Energy Efficiency,1.4386877950606891,2.4668427829145014,5.452138187363797,8.286491689340938,2285.647619047619
USA,Fossil Fuels,4.670771159698619,7.376625442398696,12.683538441025593,18.93770511743887,2035.7095238095237
USA,Grid,1.7744037238491013,3.3740899454777664,6.332942190873199,10.576081530512354,734.5190476190476
USA,Hybrid and Electric mobility,1.6348773841961852,3.2697547683923704,6.267029972752043,8.71934604904632,367.0
USA,Hydrogen and Fuel Cells,4.280527422128799,4.280527422128799,4.280527422128799,18.326008025988916,12.459523809523809
USA,Nuclear,9.375,11.458333333333332,11.458333333333332,14.583333333333332,16.0
USA,Other Energy,3.6138138282784498,5.803081632762284,10.007880695106744,14.291352910639072,3559.0285714285715
USA,Other Renewables,1.707423225738568,2.996360366737291,6.599804547070518,9.319406116433191,1493.4785714285715
USA,Solar,1.594544822536628,2.9492176425488066,6.650839552008836,9.256643320439906,965.7928571428571
USA,Storage (not electromobility),1.8433729412304443,3.8344726338486943,7.797403312382438,11.972289764646511,259.48809523809524
USA,Wind,3.285356695869837,4.517365456821026,11.63563829787234,16.42678347934919,60.87619047619047
VEN,Energy Efficiency,0.0,0.0,0.0,0.0,1.0
VEN,Fossil Fuels,0.0,0.0,0.0,0.0,2.0
VNM,Energy Efficiency,0.0,0.0,0.0,12.0,8.333333333333334
VNM,Fossil Fuels,0.0,0.0,0.0,0.0,22.0
VNM,Grid,0.0,0.0,0.0,0.0,18.166666666666668
VNM,Hybrid and Electric mobility,0.0,0.0,0.0,0.0,2.0
VNM,Other Energy,0.0,0.0,0.0,0.0,9.0
VNM,Other Renewables,0.0,0.0,0.0,0.0,6.166666666666667
VNM,Solar,0.0,0.0,0.0,0.0,6.833333333333333
VNM,Wind,0.0,0.0,0.0,0.0,0.5
ZAF,Energy Efficiency,0.0,0.0,0.0,0.0,19.833333333333332
ZAF,Fossil Fuels,8.823529411764705,8.823529411764705,22.058823529411764,30.882352941176467,11.333333333333334
ZAF,Grid,0.0,0.0,0.0,0.0,9.666666666666666
ZAF,Hybrid and Electric mobility,0.0,0.0,0.0,0.0,3.0
ZAF,Other Energy,9.49367088607595,9.49367088607595,15.18987341772152,15.18987341772152,26.333333333333332
ZAF,Other Renewables,3.191489361702128,3.191489361702128,9.574468085106384,9.574468085106384,15.666666666666666
ZAF,Solar,0.0,0.0,0.0,0.0,13.166666666666666
ZAF,Storage (not electromobility),0.0,0.0,0.0,0.0,2.6666666666666665
ZAF,Wind,0.0,0.0,0.0,0.0,3.333333333333333
ZMB,Energy Efficiency,0.0,0.0,0.0,0.0,0.8333333333333333
ZMB,Grid,0.0,0.0,0.0,0.0,1.1666666666666665
ZMB,Other Energy,0.0,0.0,0.0,0.0,3.1666666666666665
ZMB,Other Renewables,0.0,0.0,0.0,0.0,2.0
ZMB,Solar,0.0,0.0,0.0,0.0,0.8333333333333333
ZWE,Fossil Fuels,0.0,0.0,0.0,0.0,0.5
ZWE,Grid,0.0,0.0,0.0,0.0,0.6666666666666666
ZWE,Other Energy,0.0,0.0,0.0,0.0,3.833333333333333
ZWE,Solar,0.0,0.0,0.0,0.0,3.0
